{
    "Pure Python": {
        "MAE": 1.610481810334075,
        "RMSE": 2.0911580049452256,
        "R2": -0.28591748791041227,
        "Time": 249.18362021446228
    },
    "NumPy": {
        "MAE": 1.6104818103340746,
        "RMSE": 2.0911580049452256,
        "R2": -0.28591748791041227,
        "Time": 1.7883129119873047
    },
    "Scikit-learn": {
        "MAE": 0.7961123095355632,
        "RMSE": 1.1747242644420066,
        "R2": 0.594200709032338,
        "Time": 0.005120515823364258
    }
}